{"nr_epochs": 400, "delta_t": 0.1, "delta_t_train": 0.1, "epoch_size": 1000, "self_play": 1, "self_play_every_x": 2, "batch_size": 8, "reset_strength": 1.2, "max_drone_dist": 0.25, "max_steps": 1000, "thresh_div_start": 0.1, "thresh_div_end": 2, "thresh_stable_start": 1, "thresh_stable_end": 2, "state_size": 12, "nr_actions": 10, "nr_actions_rnn": 10, "ref_dim": 9, "action_dim": 4, "l2_lambda": 0.01, "learning_rate_controller": 1e-05, "learning_rate_dynamics": 0.001, "resample_every": 3, "suc_up_down": 1, "speed_factor": 0.5, "system": "quad", "train_dyn_for_epochs": 5, "train_dyn_every": 1, "modified_params": {}, "save_name": "mpc_loss", "sample_in": "train_env", "std": [4.754436492919922, 6.956304550170898, 3.402423858642578, 0.3305048942565918, 0.12530244886875153, 0.3254924416542053, 3.0065507888793945, 5.684250354766846, 3.0376720428466797, 0.0, 0.0, 0.0], "mean": [0.04974687844514847, 0.10786276310682297, 4.948228359222412, -0.0013658161042258143, 0.0010830956744030118, 0.014963355846703053, -0.020628245547413826, -0.12345229834318161, 0.004161024000495672, 0.0, 0.0, 0.0], "horizon": 10, "ref_length": 10, "thresh_div": 0.1, "dt": 0.1, "take_every_x": 2, "thresh_stable": 1}