{"nr_epochs": 400, "delta_t": 0.1, "delta_t_train": 0.1, "epoch_size": 1000, "self_play": 1, "self_play_every_x": 2, "batch_size": 8, "reset_strength": 1.2, "max_drone_dist": 0.25, "max_steps": 1000, "thresh_div_start": 0.1, "thresh_div_end": 2, "thresh_stable_start": 1, "thresh_stable_end": 2, "state_size": 12, "nr_actions": 10, "nr_actions_rnn": 10, "ref_dim": 9, "action_dim": 4, "l2_lambda": 0.01, "learning_rate_controller": 1e-05, "learning_rate_dynamics": 0.001, "resample_every": 3, "suc_up_down": 1, "speed_factor": 0.5, "system": "quad", "train_dyn_for_epochs": 5, "train_dyn_every": 1, "modified_params": {}, "save_name": "mpc_loss", "sample_in": "train_env", "std": [0.3634220063686371, 0.3526957035064697, 0.0, 0.0, 0.0, 0.0, 1.2215954065322876, 1.1986390352249146, 0.0, 0.0, 0.0, 0.0], "mean": [0.01351412758231163, 0.020847517997026443, 0.0, 0.0, 0.0, 0.0, 0.05893637612462044, 0.05146056413650513, 0.0, 0.0, 0.0, 0.0], "horizon": 10, "ref_length": 10, "thresh_div": 0.1, "dt": 0.1, "take_every_x": 2, "thresh_stable": 1}